domain,running_ads,google_ads,meta_ads,linkedin_ads,twitter_ads,tiktok_ads,reddit_ads,other_platforms,confidence_level,notes
gibson.com,No,No,No,No,No,No,No,,Low,Google: No ads.txt file found
wilson.com,No,No,No,No,No,No,No,,Low,Google: No ads.txt file found
summerfridays.com,Yes,No,No,No,No,No,No,UTM tracking detected,Low,Google: No ads.txt file found | Meta: No Facebook Pixel found | LinkedIn: No LinkedIn Insight Tag found | Twitter: No Twitter/X pixel found | TikTok: No TikTok Pixel found | Reddit: No Reddit Pixel found | UTM parameters found (paid traffic indicator)
rothys.com,Yes,No,No,No,No,Yes,No,,Medium,Google: No ads.txt file found | Meta: No Facebook Pixel found | LinkedIn: No LinkedIn Insight Tag found | Twitter: No Twitter/X pixel found | TikTok: TikTok Pixel detected | Reddit: No Reddit Pixel found
winer-searcher.com,No,No,No,No,No,No,No,,Low,"Google: Error checking Google Ads: HTTPSConnectionPool(host='winer-searcher.com', por | Meta: Error checking Meta Ads: HTTPSConnectionPool(host='winer-searcher.com', por | LinkedIn: Error checking LinkedIn Ads: HTTPSConnectionPool(host='winer-searcher.com', por | Twitter: Error checking Twitter Ads: HTTPSConnectionPool(host='winer-searcher.com', por | TikTok: Error checking TikTok Ads: HTTPSConnectionPool(host='winer-searcher.com', por | Reddit: Error checking Reddit Ads: HTTPSConnectionPool(host='winer-searcher.com', por"
polaroid.com,Yes,No,Yes,No,No,No,No,,Medium,Google: No ads.txt file found | Meta: Facebook Pixel detected (strong indicator of Meta ads) | LinkedIn: No LinkedIn Insight Tag found | Twitter: No Twitter/X pixel found | TikTok: No TikTok Pixel found | Reddit: No Reddit Pixel found
carhartt-wip.com,No,No,No,No,No,No,No,,Low,Google: No ads.txt file found | Meta: No Facebook Pixel found | LinkedIn: No LinkedIn Insight Tag found | Twitter: No Twitter/X pixel found | TikTok: No TikTok Pixel found | Reddit: No Reddit Pixel found
diamondrensu.com,No,No,No,No,No,No,No,,Low,Google: No ads.txt file found | Meta: No Facebook Pixel found | LinkedIn: No LinkedIn Insight Tag found | Twitter: No Twitter/X pixel found | TikTok: No TikTok Pixel found | Reddit: No Reddit Pixel found
anastasiabeverlyhills.com,No,No,No,No,No,No,No,,Low,Google: Error checking Google Ads: HTTPSConnectionPool(host='www.anastasiabeverlyhill
uk.anker.com,Yes,No,No,No,No,No,Yes,UTM tracking detected,Medium,Google: No ads.txt file found | Twitter: No Twitter/X pixel found | TikTok: No TikTok Pixel found | Reddit: Reddit Pixel detected | UTM parameters found (paid traffic indicator)
petsense.com,No,No,No,No,No,No,No,,Low,Google: No ads.txt file found
us.publicdesire.com,No,No,No,No,No,No,No,,Low,Google: No ads.txt file found
tengtoolusa.com,No,No,No,No,No,No,No,,Low,"Google: Error checking Google Ads: HTTPSConnectionPool(host='tengtoolusa.com', port=4 | Meta: Error checking Meta Ads: HTTPSConnectionPool(host='tengtoolusa.com', port=4 | LinkedIn: Error checking LinkedIn Ads: HTTPSConnectionPool(host='tengtoolusa.com', port=4 | Twitter: Error checking Twitter Ads: HTTPSConnectionPool(host='tengtoolusa.com', port=4 | TikTok: Error checking TikTok Ads: HTTPSConnectionPool(host='tengtoolusa.com', port=4 | Reddit: Error checking Reddit Ads: HTTPSConnectionPool(host='tengtoolusa.com', port=4"
newcastleunited.com,No,No,No,No,No,No,No,,Low,Google: No ads.txt file found
ilovewallpaper.com,Yes,No,Yes,No,No,No,No,,Medium,Google: No ads.txt file found | Meta: Facebook Pixel detected (strong indicator of Meta ads) | LinkedIn: No LinkedIn Insight Tag found | Twitter: No Twitter/X pixel found | TikTok: No TikTok Pixel found | Reddit: No Reddit Pixel found
worldofbooks.com,No,No,No,No,No,No,No,,Low,"Google: Error checking Google Ads: HTTPSConnectionPool(host='www.worldofbooks.com', p | Meta: No Facebook Pixel found | LinkedIn: No LinkedIn Insight Tag found | Twitter: No Twitter/X pixel found | TikTok: No TikTok Pixel found | Reddit: No Reddit Pixel found"
liverpoolmuseums.com.org.uk,No,No,No,No,No,No,No,,Low,Google: Error checking Google Ads: HTTPSConnectionPool(host='liverpoolmuseums.com.org | Meta: Error checking Meta Ads: HTTPSConnectionPool(host='liverpoolmuseums.com.org | LinkedIn: Error checking LinkedIn Ads: HTTPSConnectionPool(host='liverpoolmuseums.com.org | Twitter: Error checking Twitter Ads: HTTPSConnectionPool(host='liverpoolmuseums.com.org | TikTok: Error checking TikTok Ads: HTTPSConnectionPool(host='liverpoolmuseums.com.org | Reddit: Error checking Reddit Ads: HTTPSConnectionPool(host='liverpoolmuseums.com.org
uk.babe.com,No,No,No,No,No,No,No,,Low,"Google: Error checking Google Ads: HTTPSConnectionPool(host='uk.babe.com', port=443): | Meta: Error checking Meta Ads: HTTPSConnectionPool(host='uk.babe.com', port=443): | LinkedIn: Error checking LinkedIn Ads: HTTPSConnectionPool(host='uk.babe.com', port=443): | Twitter: Error checking Twitter Ads: HTTPSConnectionPool(host='uk.babe.com', port=443): | TikTok: Error checking TikTok Ads: HTTPSConnectionPool(host='uk.babe.com', port=443): | Reddit: Error checking Reddit Ads: HTTPSConnectionPool(host='uk.babe.com', port=443):"
juliettehasagun.com,Yes,No,Yes,No,No,No,No,,Medium,Google: No ads.txt file found | Meta: Facebook Pixel detected (strong indicator of Meta ads) | LinkedIn: No LinkedIn Insight Tag found | Twitter: No Twitter/X pixel found | TikTok: No TikTok Pixel found | Reddit: No Reddit Pixel found
dfyne.com,No,No,No,No,No,No,No,,Low,Google: No ads.txt file found
trollandtoad.com,No,No,No,No,No,No,No,,Low,Google: No ads.txt file found
lamy.com,Yes,No,Yes,No,No,No,No,,Medium,Google: No ads.txt file found | Meta: Facebook Pixel detected (strong indicator of Meta ads) | LinkedIn: No LinkedIn Insight Tag found | Twitter: No Twitter/X pixel found | TikTok: No TikTok Pixel found | Reddit: No Reddit Pixel found
maglite.com,Yes,No,No,No,No,No,No,UTM tracking detected,Low,Google: No ads.txt file found | Meta: No Facebook Pixel found | LinkedIn: No LinkedIn Insight Tag found | Twitter: No Twitter/X pixel found | TikTok: No TikTok Pixel found | Reddit: No Reddit Pixel found | UTM parameters found (paid traffic indicator)
huel.com,No,No,No,No,No,No,No,,Low,Google: No ads.txt file found | Meta: No Facebook Pixel found | LinkedIn: No LinkedIn Insight Tag found | Twitter: No Twitter/X pixel found | TikTok: No TikTok Pixel found | Reddit: No Reddit Pixel found
reptilecentre.com,No,No,No,No,No,No,No,,Low,Google: No ads.txt file found | Meta: No Facebook Pixel found | LinkedIn: No LinkedIn Insight Tag found | Twitter: No Twitter/X pixel found | TikTok: No TikTok Pixel found | Reddit: No Reddit Pixel found
duncraft.com,No,No,No,No,No,No,No,,Low,Google: No ads.txt file found
bearing-king.co.uk,No,No,No,No,No,No,No,,Low,"Google: Error checking Google Ads: HTTPSConnectionPool(host='bearing-king.co.uk', por | Meta: No Facebook Pixel found | LinkedIn: No LinkedIn Insight Tag found | Twitter: No Twitter/X pixel found | TikTok: No TikTok Pixel found | Reddit: No Reddit Pixel found"
eu.gymshark.com,No,No,No,No,No,No,No,,Low,Google: No ads.txt file found | Meta: No Facebook Pixel found | LinkedIn: No LinkedIn Insight Tag found | Twitter: No Twitter/X pixel found | TikTok: No TikTok Pixel found | Reddit: No Reddit Pixel found
uk.govee.com,Yes,No,Yes,No,No,No,No,,Medium,Google: ads.txt exists but no Google entries | Meta: Facebook Pixel detected (strong indicator of Meta ads) | LinkedIn: No LinkedIn Insight Tag found | Twitter: No Twitter/X pixel found | TikTok: No TikTok Pixel found | Reddit: No Reddit Pixel found
whitakerschocolates.com,No,No,No,No,No,No,No,,Low,Google: No ads.txt file found
medichecks.com,No,No,No,No,No,No,No,,Low,Google: No ads.txt file found | Meta: No Facebook Pixel found | LinkedIn: No LinkedIn Insight Tag found | Twitter: No Twitter/X pixel found | TikTok: No TikTok Pixel found | Reddit: No Reddit Pixel found
englishteastore.com,Yes,No,Yes,No,No,No,No,,Medium,Google: No ads.txt file found | Meta: Facebook Pixel detected (strong indicator of Meta ads) | LinkedIn: No LinkedIn Insight Tag found | Twitter: No Twitter/X pixel found | TikTok: No TikTok Pixel found | Reddit: No Reddit Pixel found
crockettandjones.com,Yes,No,Yes,No,No,Yes,No,,Medium,Google: No ads.txt file found | Meta: Facebook Pixel detected (strong indicator of Meta ads) | LinkedIn: No LinkedIn Insight Tag found | Twitter: No Twitter/X pixel found | TikTok: TikTok Pixel detected | Reddit: No Reddit Pixel found
bootjack.com,Yes,No,No,No,No,No,No,UTM tracking detected,Low,Google: No ads.txt file found | Meta: No Facebook Pixel found | LinkedIn: No LinkedIn Insight Tag found | Twitter: No Twitter/X pixel found | TikTok: No TikTok Pixel found | Reddit: No Reddit Pixel found | UTM parameters found (paid traffic indicator)
uk.gear.blizzard.com,No,No,No,No,No,No,No,,Low,"Google: Error checking Google Ads: HTTPSConnectionPool(host='uk.gear.blizzard.com', p"
nts.live,Yes,No,Yes,No,No,Yes,No,UTM tracking detected,Medium,"Google: Error checking Google Ads: HTTPSConnectionPool(host='www.nts.live', port=443) | Meta: Facebook Pixel detected (strong indicator of Meta ads) | LinkedIn: No LinkedIn Insight Tag found | Twitter: No Twitter/X pixel found | TikTok: TikTok Pixel detected | Reddit: No Reddit Pixel found | UTM parameters found (paid traffic indicator)"
hingeoutlet.com,No,No,No,No,No,No,No,,Low,Google: No ads.txt file found | Meta: No Facebook Pixel found | LinkedIn: No LinkedIn Insight Tag found | Twitter: No Twitter/X pixel found | TikTok: No TikTok Pixel found | Reddit: No Reddit Pixel found
strathberry.com,No,No,No,No,No,No,No,,Low,Google: No ads.txt file found
mintvelvet.com,No,No,No,No,No,No,No,,Low,Google: No ads.txt file found | Meta: No Facebook Pixel found | LinkedIn: No LinkedIn Insight Tag found | Twitter: No Twitter/X pixel found | TikTok: No TikTok Pixel found | Reddit: No Reddit Pixel found
cyclinguk.org,No,No,No,No,No,No,No,,Low,Google: No ads.txt file found | Meta: No Facebook Pixel found | LinkedIn: No LinkedIn Insight Tag found | Twitter: No Twitter/X pixel found | TikTok: No TikTok Pixel found | Reddit: No Reddit Pixel found
uk.manscaped.com,No,No,No,No,No,No,No,,Low,Google: No ads.txt file found
crtz.xvz,No,No,No,No,No,No,No,,Low,"Google: Error checking Google Ads: HTTPSConnectionPool(host='crtz.xvz', port=443): Ma | Meta: Error checking Meta Ads: HTTPSConnectionPool(host='crtz.xvz', port=443): Ma | LinkedIn: Error checking LinkedIn Ads: HTTPSConnectionPool(host='crtz.xvz', port=443): Ma | Twitter: Error checking Twitter Ads: HTTPSConnectionPool(host='crtz.xvz', port=443): Ma | TikTok: Error checking TikTok Ads: HTTPSConnectionPool(host='crtz.xvz', port=443): Ma | Reddit: Error checking Reddit Ads: HTTPSConnectionPool(host='crtz.xvz', port=443): Ma"
beeslighting.com,No,No,No,No,No,No,No,,Low,"Google: Error checking Google Ads: HTTPSConnectionPool(host='www.beeslighting.com', p"
learningwithexperts.com,No,No,No,No,No,No,No,,Low,Google: Error checking Google Ads: HTTPSConnectionPool(host='learningwithexperts.com' | Meta: Error checking Meta Ads: HTTPSConnectionPool(host='learningwithexperts.com' | LinkedIn: Error checking LinkedIn Ads: HTTPSConnectionPool(host='learningwithexperts.com' | Twitter: Error checking Twitter Ads: HTTPSConnectionPool(host='learningwithexperts.com' | TikTok: Error checking TikTok Ads: HTTPSConnectionPool(host='learningwithexperts.com' | Reddit: Error checking Reddit Ads: HTTPSConnectionPool(host='learningwithexperts.com'
4murs.com,Yes,No,No,No,No,No,No,UTM tracking detected,Low,Google: No ads.txt file found | Twitter: No Twitter/X pixel found | TikTok: No TikTok Pixel found | Reddit: No Reddit Pixel found | UTM parameters found (paid traffic indicator)
clothingshoponline.com,No,No,No,No,No,No,No,,Low,Google: No ads.txt file found
